-- phpMyAdmin SQL Dump
-- version 5.2.3
-- https://www.phpmyadmin.net/
--
-- Hôte : 127.0.0.1:3306
-- Généré le : ven. 09 jan. 2026 à 11:44
-- Version du serveur : 12.1.2-MariaDB
-- Version de PHP : 8.3.28

SET SQL_MODE = "NO_AUTO_VALUE_ON_ZERO";
START TRANSACTION;
SET time_zone = "+00:00";


/*!40101 SET @OLD_CHARACTER_SET_CLIENT=@@CHARACTER_SET_CLIENT */;
/*!40101 SET @OLD_CHARACTER_SET_RESULTS=@@CHARACTER_SET_RESULTS */;
/*!40101 SET @OLD_COLLATION_CONNECTION=@@COLLATION_CONNECTION */;
/*!40101 SET NAMES utf8mb4 */;

--
-- Base de données : `platform`
--

-- --------------------------------------------------------

--
-- Structure de la table `cart`
--

DROP TABLE IF EXISTS `cart`;
CREATE TABLE IF NOT EXISTS `cart` (
  `id` int(11) NOT NULL AUTO_INCREMENT,
  `user_id` int(11) NOT NULL,
  `created_at` datetime NOT NULL DEFAULT current_timestamp(),
  PRIMARY KEY (`id`),
  UNIQUE KEY `user_id` (`user_id`)
) ENGINE=InnoDB AUTO_INCREMENT=8 DEFAULT CHARSET=utf8mb4 COLLATE=utf8mb4_uca1400_ai_ci;

--
-- Déchargement des données de la table `cart`
--

INSERT INTO `cart` (`id`, `user_id`, `created_at`) VALUES
(1, 4, '2025-12-23 23:30:38'),
(2, 5, '2025-12-09 15:08:24'),
(3, 13, '2025-12-28 01:12:53'),
(4, 17, '2025-12-16 17:10:43'),
(5, 1, '2026-01-07 15:24:22'),
(6, 21, '2026-01-07 16:24:04'),
(7, 22, '2026-01-07 16:58:01');

-- --------------------------------------------------------

--
-- Structure de la table `cart_item`
--

DROP TABLE IF EXISTS `cart_item`;
CREATE TABLE IF NOT EXISTS `cart_item` (
  `id` int(11) NOT NULL AUTO_INCREMENT,
  `cart_id` int(11) NOT NULL,
  `training_id` int(11) NOT NULL,
  `quantity` int(11) NOT NULL DEFAULT 1,
  `unit_price` decimal(10,2) NOT NULL,
  PRIMARY KEY (`id`),
  UNIQUE KEY `uq_cart_training` (`cart_id`,`training_id`),
  KEY `fk_cart_item_training` (`training_id`),
  KEY `idx_cart_item_cart` (`cart_id`)
) ENGINE=InnoDB AUTO_INCREMENT=19 DEFAULT CHARSET=utf8mb4 COLLATE=utf8mb4_uca1400_ai_ci;

--
-- Déchargement des données de la table `cart_item`
--

INSERT INTO `cart_item` (`id`, `cart_id`, `training_id`, `quantity`, `unit_price`) VALUES
(1, 1, 14, 3, 1003.00),
(2, 1, 45, 2, 765.56),
(3, 1, 3, 3, 3213.95),
(4, 2, 10, 1, 2241.41),
(5, 2, 22, 2, 5015.55),
(6, 3, 33, 3, 4895.52),
(7, 3, 34, 2, 2057.39),
(8, 3, 15, 1, 1212.88),
(9, 4, 32, 3, 2204.04),
(10, 4, 14, 3, 1003.00),
(11, 4, 2, 3, 5557.22),
(16, 5, 22, 2, 5015.55),
(17, 5, 44, 1, 13502.85);

-- --------------------------------------------------------

--
-- Structure de la table `client`
--

DROP TABLE IF EXISTS `client`;
CREATE TABLE IF NOT EXISTS `client` (
  `id` int(11) NOT NULL AUTO_INCREMENT,
  `first_name` varchar(80) NOT NULL,
  `last_name` varchar(80) NOT NULL,
  `email` varchar(150) NOT NULL,
  `address` varchar(255) NOT NULL,
  `phone` varchar(30) NOT NULL,
  PRIMARY KEY (`id`),
  UNIQUE KEY `email` (`email`)
) ENGINE=InnoDB AUTO_INCREMENT=51 DEFAULT CHARSET=utf8mb4 COLLATE=utf8mb4_uca1400_ai_ci;

--
-- Déchargement des données de la table `client`
--

INSERT INTO `client` (`id`, `first_name`, `last_name`, `email`, `address`, `phone`) VALUES
(1, 'Max', 'Mayfield', 'max.mayfield47@yahoo.com', '773 Hawkins, Indiana 47201', '+1-517-114-1516'),
(2, 'Kakashi', 'Hatake', 'kakashi.hatake987@protonmail.com', '809 Konohagakure, Land of Fire', '+1-255-689-3409'),
(3, 'Will', 'Byers', 'will.byers52@outlook.com', '659 Hawkins, Indiana 47202', '+1-856-450-9342'),
(4, 'Jim', 'Hopper', 'jim.hopper641@yahoo.com', '539 Muncie, Indiana 47303', '+1-750-980-1790'),
(5, 'Gaara', 'Sabaku', 'gaara.sabaku434@outlook.com', '699 Konohagakure, Land of Fire', '+1-241-225-4531'),
(6, 'Graha', 'Tia', 'graha.tia912@gmail.com', '599 Old Sharlayan, Northern Ilsabard, Eorzea', '+1-118-591-2421'),
(7, 'Anduin', 'Wrynn', 'anduin.wrynn692@yahoo.com', '156 Orgrimmar, Durotar, Kalimdor', '+1-632-835-5490'),
(8, 'Yshtola', 'Rhul', 'yshtola.rhul963@gmail.com', '367 The Waking Sands, Western Thanalan, Eorzea', '+1-898-876-3132'),
(9, 'Tataru', 'Taru', 'tataru.taru790@outlook.com', '522 Limsa Lominsa, La Noscea, Eorzea', '+1-969-149-9708'),
(10, 'Tyrande', 'Whisperwind', 'tyrande.whisperwind185@gmail.com', '780 Dalaran, Crystalsong Forest, Northrend', '+1-702-323-6249'),
(11, 'Monkey', 'Luffy', 'monkey.luffy103@protonmail.com', '275 Dressrosa, New World', '+1-848-332-7635'),
(12, 'Portgas', 'Ace', 'portgas.ace916@hotmail.com', '677 Alabasta Kingdom, Paradise', '+1-260-393-3085'),
(13, 'Sasuke', 'Uchiha', 'sasuke.uchiha936@outlook.com', '716 Tanzaku Town, Land of Fire', '+1-541-230-9193'),
(14, 'Jaina', 'Proudmoore', 'jaina.proudmoore788@outlook.com', '136 Boralus, Tiragarde Sound, Kul Tiras', '+1-339-965-2903'),
(15, 'Steve', 'Harrington', 'steve.harrington333@protonmail.com', '327 Fishers, Indiana 46038', '+1-181-114-8624'),
(16, 'Urianger', 'Augurelt', 'urianger.augurelt675@outlook.com', '96 The Waking Sands, Western Thanalan, Eorzea', '+1-997-133-3816'),
(17, 'Lucas', 'Sinclair', 'lucas.sinclair395@outlook.com', '691 Hawkins, Indiana 47202', '+1-832-948-1133'),
(18, 'Thrall', 'Doomhammer', 'thrall.doomhammer959@outlook.com', '318 Ironforge, Dun Morogh, Eastern Kingdoms', '+1-272-522-8425'),
(19, 'Joyce', 'Byers', 'joyce.byers660@outlook.com', '829 Indianapolis, Indiana 46204', '+1-580-156-8286'),
(20, 'Alisaie', 'Leveilleur', 'alisaie.leveilleur944@outlook.com', '751 Crystarium, The First, Norvrandt', '+1-811-428-5738'),
(21, 'Malfurion', 'Stormrage', 'malfurion.stormrage455@outlook.com', '398 Darnassus, Teldrassil, Kalimdor', '+1-567-441-2010'),
(22, 'Naruto', 'Uzumaki', 'naruto.uzumaki283@gmail.com', '932 Takigakure, Land of Waterfalls', '+1-212-681-1289'),
(23, 'Lyse', 'Hext', 'lyse.hext361@hotmail.com', '430 Mor Dhona, Central Eorzea', '+1-570-282-9807'),
(24, 'Eleven', 'Hopper', 'eleven.hopper555@hotmail.com', '499 Hawkins, Indiana 47203', '+1-631-541-9880'),
(25, 'Nami', 'Navigator', 'nami.navigator130@hotmail.com', '785 Sabaody Archipelago, Paradise', '+1-158-576-9755'),
(26, 'Illidan', 'Stormrage', 'illidan.stormrage590@hotmail.com', '306 Dalaran, Crystalsong Forest, Northrend', '+1-142-630-3710'),
(27, 'Nancy', 'Wheeler', 'nancy.wheeler765@gmail.com', '236 Carmel, Indiana 46032', '+1-605-700-6946'),
(28, 'Jiraiya', 'Sannin', 'jiraiya.sannin387@gmail.com', '216 Kusagakure, Land of Grass', '+1-129-678-8177'),
(29, 'Grom', 'Hellscream', 'grom.hellscream233@hotmail.com', '930 Darnassus, Teldrassil, Kalimdor', '+1-397-235-4877'),
(30, 'Itachi', 'Uchiha', 'itachi.uchiha677@gmail.com', '347 Amegakure, Land of Rain', '+1-960-794-9355'),
(31, 'Sylvanas', 'Windrunner', 'sylvanas.windrunner448@hotmail.com', '203 Stormwind City, Elwynn Forest, Eastern Kingdoms', '+1-454-433-5771'),
(32, 'Jonathan', 'Byers', 'jonathan.byers423@protonmail.com', '566 Carmel, Indiana 46032', '+1-518-541-8895'),
(33, 'Mike', 'Wheeler', 'mike.wheeler129@protonmail.com', '605 Hawkins, Indiana 47203', '+1-269-383-2230'),
(34, 'Tsunade', 'Senju', 'tsunade.senju238@hotmail.com', '23 Takigakure, Land of Waterfalls', '+1-912-822-2314'),
(35, 'Roronoa', 'Zoro', 'roronoa.zoro595@yahoo.com', '118 Sabaody Archipelago, Paradise', '+1-621-829-9328'),
(36, 'Jinbe', 'Fishman', 'jinbe.fishman429@hotmail.com', '156 Alabasta Kingdom, Paradise', '+1-271-851-6312'),
(37, 'Minfilia', 'Warde', 'minfilia.warde293@yahoo.com', '321 The Waking Sands, Western Thanalan, Eorzea', '+1-486-149-6164'),
(38, 'Sakura', 'Haruno', 'sakura.haruno979@hotmail.com', '190 Sunagakure, Land of Wind', '+1-521-236-9730'),
(39, 'Tony', 'Chopper', 'tony.chopper859@hotmail.com', '859 Foosha Village, East Blue', '+1-614-515-8125'),
(40, 'Estinien', 'Wyrmblood', 'estinien.wyrmblood548@hotmail.com', '346 Kugane, Hingashi, Far East', '+1-676-478-6331'),
(41, 'Nico', 'Robin', 'nico.robin193@gmail.com', '876 Wano Country, New World', '+1-957-707-6768'),
(42, 'Varian', 'Wrynn', 'varian.wrynn704@gmail.com', '756 Dalaran, Crystalsong Forest, Northrend', '+1-250-818-7353'),
(43, 'Alphinaud', 'Leveilleur', 'alphinaud.leveilleur948@gmail.com', '456 The Waking Sands, Western Thanalan, Eorzea', '+1-429-959-3584'),
(44, 'Vinsmoke', 'Sanji', 'vinsmoke.sanji605@gmail.com', '273 Fish-Man Island, Underwater', '+1-688-562-6151'),
(45, 'Brook', 'Soul', 'brook.soul647@hotmail.com', '23 Alabasta Kingdom, Paradise', '+1-281-311-8487'),
(46, 'Shikamaru', 'Nara', 'shikamaru.nara839@yahoo.com', '133 Amegakure, Land of Rain', '+1-524-938-5749'),
(47, 'Thancred', 'Waters', 'thancred.waters573@hotmail.com', '811 Gridania, Black Shroud, Eorzea', '+1-928-101-6267'),
(48, 'Hinata', 'Hyuga', 'hinata.hyuga809@outlook.com', '232 Kirigakure, Land of Water', '+1-714-226-5931'),
(49, 'Dustin', 'Henderson', 'dustin.henderson833@outlook.com', '281 South Bend, Indiana 46601', '+1-548-754-4647'),
(50, 'Arthas', 'Menethil', 'arthas.menethil867@hotmail.com', '805 Dazar\'alor, Zuldazar, Zandalar', '+1-198-638-1067');

-- --------------------------------------------------------

--
-- Structure de la table `order`
--

DROP TABLE IF EXISTS `order`;
CREATE TABLE IF NOT EXISTS `order` (
  `id` int(11) NOT NULL AUTO_INCREMENT,
  `user_id` int(11) NOT NULL,
  `client_id` int(11) NOT NULL,
  `created_at` datetime NOT NULL DEFAULT current_timestamp(),
  `status` enum('DRAFT','CONFIRMED','CANCELLED') NOT NULL DEFAULT 'CONFIRMED',
  `total` decimal(10,2) NOT NULL,
  PRIMARY KEY (`id`),
  KEY `idx_order_user` (`user_id`),
  KEY `idx_order_client` (`client_id`)
) ENGINE=InnoDB AUTO_INCREMENT=254 DEFAULT CHARSET=utf8mb4 COLLATE=utf8mb4_uca1400_ai_ci;

--
-- Déchargement des données de la table `order`
--

INSERT INTO `order` (`id`, `user_id`, `client_id`, `created_at`, `status`, `total`) VALUES
(1, 18, 42, '2025-01-07 20:18:30', 'DRAFT', 1912.24),
(2, 20, 34, '2025-01-07 22:27:29', 'CANCELLED', 22676.26),
(3, 17, 10, '2025-01-11 03:05:04', 'CONFIRMED', 4500.75),
(4, 1, 4, '2025-01-11 19:02:31', 'CONFIRMED', 26073.59),
(5, 2, 10, '2025-01-13 05:49:03', 'CONFIRMED', 14136.12),
(6, 7, 41, '2025-01-14 23:40:39', 'CONFIRMED', 2935.18),
(7, 18, 4, '2025-01-15 07:29:07', 'CONFIRMED', 3120.24),
(8, 3, 39, '2025-01-17 17:49:01', 'DRAFT', 41932.83),
(9, 11, 15, '2025-01-19 14:21:01', 'CONFIRMED', 22074.11),
(10, 8, 43, '2025-01-20 07:44:18', 'CONFIRMED', 13443.50),
(11, 17, 23, '2025-01-21 00:44:45', 'DRAFT', 6287.85),
(12, 14, 25, '2025-01-23 03:59:29', 'CONFIRMED', 16564.85),
(13, 6, 9, '2025-01-25 17:41:15', 'CONFIRMED', 37926.91),
(14, 12, 2, '2025-01-26 16:53:19', 'CONFIRMED', 20190.90),
(15, 2, 31, '2025-01-26 19:07:33', 'CANCELLED', 27108.22),
(16, 15, 40, '2025-01-30 05:10:48', 'CONFIRMED', 9973.47),
(17, 3, 19, '2025-01-29 22:35:57', 'CONFIRMED', 6427.90),
(18, 11, 12, '2025-01-31 19:53:27', 'CONFIRMED', 12477.10),
(19, 8, 5, '2025-02-01 17:01:12', 'CONFIRMED', 2070.72),
(20, 12, 40, '2025-02-03 06:45:26', 'CONFIRMED', 35387.00),
(21, 4, 34, '2025-02-05 13:47:22', 'CONFIRMED', 11627.67),
(22, 3, 15, '2025-02-07 06:23:49', 'CONFIRMED', 4400.85),
(23, 2, 6, '2025-02-08 04:31:30', 'CONFIRMED', 3780.17),
(24, 2, 40, '2025-02-09 06:54:47', 'CONFIRMED', 9791.04),
(25, 4, 9, '2025-02-10 21:58:29', 'CONFIRMED', 5606.47),
(26, 5, 35, '2025-02-12 16:41:54', 'CONFIRMED', 17030.80),
(27, 19, 40, '2025-02-13 10:20:18', 'CANCELLED', 17378.40),
(28, 14, 12, '2025-02-16 04:45:05', 'CONFIRMED', 2322.16),
(29, 13, 9, '2025-02-17 08:55:41', 'CONFIRMED', 5792.80),
(30, 10, 15, '2025-02-19 02:46:08', 'CONFIRMED', 44713.32),
(31, 13, 41, '2025-02-20 21:27:13', 'CONFIRMED', 2204.04),
(32, 9, 7, '2025-02-22 08:43:34', 'CONFIRMED', 16134.02),
(33, 14, 47, '2025-02-22 05:15:38', 'CANCELLED', 6172.17),
(34, 6, 41, '2025-02-24 06:50:53', 'CONFIRMED', 2070.72),
(35, 20, 26, '2025-02-25 20:17:09', 'CONFIRMED', 7790.81),
(36, 19, 36, '2025-02-27 14:07:16', 'CONFIRMED', 9286.59),
(37, 5, 1, '2025-03-01 17:13:23', 'CONFIRMED', 7286.61),
(38, 5, 24, '2025-03-02 22:29:46', 'CONFIRMED', 1035.36),
(39, 14, 10, '2025-03-03 03:46:58', 'CONFIRMED', 3120.24),
(40, 15, 38, '2025-03-04 22:02:36', 'CONFIRMED', 7757.11),
(41, 5, 18, '2025-03-06 10:44:40', 'CONFIRMED', 36471.32),
(42, 12, 27, '2025-03-07 06:54:56', 'DRAFT', 13682.17),
(43, 12, 6, '2025-03-10 07:08:13', 'CANCELLED', 6240.48),
(44, 16, 32, '2025-03-12 01:05:30', 'DRAFT', 18218.40),
(45, 4, 8, '2025-03-11 20:31:26', 'CONFIRMED', 31420.87),
(46, 19, 45, '2025-03-15 00:32:48', 'CONFIRMED', 11655.25),
(47, 19, 36, '2025-03-16 07:56:16', 'CONFIRMED', 11338.13),
(48, 12, 25, '2025-03-16 23:50:02', 'CONFIRMED', 44589.49),
(49, 20, 9, '2025-03-18 02:54:32', 'CONFIRMED', 20313.15),
(50, 11, 22, '2025-03-19 21:18:56', 'DRAFT', 36029.23),
(51, 10, 34, '2025-03-20 23:42:09', 'DRAFT', 9044.87),
(52, 19, 40, '2025-03-22 09:45:00', 'CONFIRMED', 34430.88),
(53, 11, 3, '2025-03-23 21:29:37', 'CONFIRMED', 17424.65),
(54, 14, 24, '2025-03-25 11:00:59', 'CONFIRMED', 13843.54),
(55, 14, 11, '2025-03-26 13:36:55', 'CONFIRMED', 1764.96),
(56, 14, 37, '2025-03-29 02:34:52', 'CONFIRMED', 10975.43),
(57, 3, 3, '2025-03-29 08:00:21', 'CONFIRMED', 21487.05),
(58, 13, 38, '2025-04-01 01:18:11', 'CONFIRMED', 19681.94),
(59, 9, 45, '2025-04-01 11:27:35', 'CONFIRMED', 5284.05),
(60, 20, 6, '2025-04-02 23:22:39', 'CONFIRMED', 15841.95),
(61, 10, 22, '2025-04-03 23:37:35', 'CONFIRMED', 1228.46),
(62, 3, 12, '2025-04-06 18:33:39', 'CONFIRMED', 5433.50),
(63, 19, 46, '2025-04-07 11:25:51', 'CONFIRMED', 17582.77),
(64, 16, 17, '2025-04-10 04:39:04', 'CONFIRMED', 6124.49),
(65, 13, 6, '2025-04-11 10:17:14', 'CONFIRMED', 7874.34),
(66, 1, 48, '2025-04-11 19:06:08', 'CONFIRMED', 8488.56),
(67, 8, 1, '2025-04-12 21:10:00', 'CANCELLED', 1003.00),
(68, 16, 16, '2025-04-16 01:20:55', 'CANCELLED', 34430.88),
(69, 18, 8, '2025-04-16 10:36:29', 'CONFIRMED', 1908.86),
(70, 4, 10, '2025-04-17 07:24:56', 'CONFIRMED', 44506.55),
(71, 8, 35, '2025-04-18 23:02:05', 'DRAFT', 11476.96),
(72, 11, 26, '2025-04-20 01:16:08', 'CONFIRMED', 14764.30),
(73, 8, 29, '2025-04-22 19:42:42', 'CONFIRMED', 66779.47),
(74, 14, 39, '2025-04-24 03:57:49', 'DRAFT', 4314.18),
(75, 11, 20, '2025-04-24 09:09:39', 'CONFIRMED', 31142.16),
(76, 13, 19, '2025-04-27 12:56:02', 'CONFIRMED', 6185.79),
(77, 9, 4, '2025-04-27 13:34:57', 'CONFIRMED', 13782.08),
(78, 20, 19, '2025-04-30 01:52:34', 'DRAFT', 11303.32),
(79, 20, 41, '2025-05-02 04:45:51', 'CONFIRMED', 9018.27),
(80, 15, 25, '2025-05-02 22:52:04', 'CANCELLED', 13648.14),
(81, 6, 32, '2025-05-04 18:58:00', 'CONFIRMED', 2241.41),
(82, 3, 21, '2025-05-05 15:34:44', 'CONFIRMED', 19455.65),
(83, 2, 8, '2025-05-06 17:34:46', 'CONFIRMED', 15570.96),
(84, 9, 4, '2025-05-08 06:36:19', 'CONFIRMED', 8913.48),
(85, 1, 46, '2025-05-10 19:05:33', 'CONFIRMED', 2157.09),
(86, 9, 34, '2025-05-11 09:02:08', 'CONFIRMED', 6648.98),
(87, 8, 28, '2025-05-12 05:10:55', 'CANCELLED', 20681.36),
(88, 15, 1, '2025-05-14 01:16:32', 'DRAFT', 25910.80),
(89, 11, 9, '2025-05-15 14:49:07', 'DRAFT', 6612.12),
(90, 19, 7, '2025-05-17 04:38:10', 'CANCELLED', 16520.47),
(91, 18, 29, '2025-05-19 11:10:25', 'CONFIRMED', 2241.41),
(92, 12, 45, '2025-05-19 07:03:43', 'CONFIRMED', 13502.85),
(93, 2, 22, '2025-05-21 12:51:07', 'CONFIRMED', 11114.44),
(94, 6, 26, '2025-05-22 04:47:17', 'CONFIRMED', 1035.36),
(95, 6, 50, '2025-05-25 11:31:49', 'CONFIRMED', 16511.91),
(96, 14, 7, '2025-05-25 18:44:48', 'CONFIRMED', 12678.44),
(97, 5, 1, '2025-05-26 23:59:11', 'CONFIRMED', 6034.58),
(98, 10, 4, '2025-05-29 15:06:06', 'CONFIRMED', 7922.88),
(99, 7, 6, '2025-05-30 21:03:43', 'CONFIRMED', 1000.81),
(100, 12, 43, '2025-05-31 14:55:32', 'CONFIRMED', 11641.03),
(101, 17, 31, '2025-06-03 06:44:26', 'CONFIRMED', 11338.13),
(102, 6, 10, '2025-06-04 01:45:15', 'CONFIRMED', 1228.46),
(103, 4, 41, '2025-06-04 11:13:02', 'CONFIRMED', 25709.16),
(104, 19, 12, '2025-06-07 08:07:30', 'DRAFT', 9686.64),
(105, 19, 44, '2025-06-08 13:16:18', 'CONFIRMED', 9791.04),
(106, 5, 48, '2025-06-09 02:37:17', 'CONFIRMED', 6753.97),
(107, 20, 25, '2025-06-10 10:28:32', 'CONFIRMED', 760.66),
(108, 2, 21, '2025-06-11 22:50:21', 'CONFIRMED', 56254.82),
(109, 2, 40, '2025-06-13 09:54:45', 'CANCELLED', 48072.48),
(110, 14, 45, '2025-06-14 23:52:13', 'CONFIRMED', 5830.50),
(111, 17, 24, '2025-06-17 00:51:15', 'CANCELLED', 45981.90),
(112, 4, 20, '2025-06-17 22:44:47', 'CONFIRMED', 17784.65),
(113, 8, 25, '2025-06-20 04:50:50', 'CANCELLED', 10469.17),
(114, 18, 30, '2025-06-20 13:08:22', 'CONFIRMED', 14071.39),
(115, 6, 9, '2025-06-21 21:35:30', 'CONFIRMED', 15522.96),
(116, 14, 48, '2025-06-24 13:08:54', 'CONFIRMED', 11495.55),
(117, 8, 47, '2025-06-25 06:23:04', 'CONFIRMED', 10868.28),
(118, 3, 9, '2025-06-27 13:46:44', 'CONFIRMED', 13820.70),
(119, 18, 37, '2025-06-27 18:04:36', 'CONFIRMED', 3343.32),
(120, 9, 16, '2025-06-30 02:13:48', 'CONFIRMED', 11342.91),
(121, 2, 42, '2025-06-30 22:51:46', 'CONFIRMED', 12981.67),
(122, 1, 9, '2025-07-02 19:36:10', 'CONFIRMED', 49018.53),
(123, 18, 15, '2025-07-04 08:34:18', 'CONFIRMED', 4482.82),
(124, 11, 32, '2025-07-05 02:04:37', 'CONFIRMED', 15352.65),
(125, 7, 34, '2025-07-07 18:48:06', 'CONFIRMED', 30943.56),
(126, 8, 33, '2025-07-08 07:36:00', 'CONFIRMED', 14445.14),
(127, 5, 34, '2025-07-10 06:46:37', 'DRAFT', 21421.54),
(128, 12, 27, '2025-07-11 14:37:40', 'CONFIRMED', 3860.40),
(129, 20, 4, '2025-07-12 19:06:31', 'CONFIRMED', 15570.96),
(130, 9, 32, '2025-07-14 10:32:26', 'CONFIRMED', 13636.69),
(131, 14, 27, '2025-07-16 20:25:01', 'CONFIRMED', 4314.18),
(132, 6, 33, '2025-07-16 21:51:00', 'CONFIRMED', 5553.84),
(133, 12, 6, '2025-07-18 08:01:22', 'CONFIRMED', 4371.21),
(134, 16, 21, '2025-07-20 02:11:11', 'CONFIRMED', 52426.05),
(135, 7, 3, '2025-07-22 19:26:54', 'CONFIRMED', 71606.46),
(136, 14, 5, '2025-07-24 05:04:56', 'CONFIRMED', 1764.96),
(137, 10, 24, '2025-07-24 04:05:32', 'CONFIRMED', 22564.00),
(138, 12, 15, '2025-07-26 01:53:05', 'CONFIRMED', 27232.27),
(139, 16, 16, '2025-07-27 19:33:39', 'CONFIRMED', 40243.17),
(140, 2, 6, '2025-07-30 04:00:07', 'CONFIRMED', 27005.70),
(141, 15, 36, '2025-07-30 12:08:54', 'CONFIRMED', 4845.51),
(142, 9, 45, '2025-07-31 14:07:06', 'CONFIRMED', 40243.17),
(143, 15, 8, '2025-08-02 07:10:49', 'CONFIRMED', 1764.96),
(144, 10, 13, '2025-08-04 10:33:53', 'CONFIRMED', 2779.36),
(145, 19, 8, '2025-08-06 10:44:03', 'CONFIRMED', 4314.18),
(146, 3, 30, '2025-08-06 23:03:50', 'DRAFT', 32904.81),
(147, 17, 3, '2025-08-08 15:34:06', 'CONFIRMED', 12868.35),
(148, 7, 44, '2025-08-10 08:13:42', 'CONFIRMED', 1114.44),
(149, 18, 10, '2025-08-12 07:03:20', 'CONFIRMED', 21487.05),
(150, 18, 38, '2025-08-13 16:02:55', 'CANCELLED', 63374.53),
(151, 17, 28, '2025-08-14 21:40:01', 'CONFIRMED', 15493.85),
(152, 7, 32, '2025-08-15 08:15:45', 'CONFIRMED', 45286.19),
(153, 5, 19, '2025-08-16 11:10:44', 'CONFIRMED', 8229.56),
(154, 3, 47, '2025-08-18 21:58:28', 'CONFIRMED', 2863.29),
(155, 9, 48, '2025-08-20 03:00:19', 'CONFIRMED', 882.48),
(156, 20, 34, '2025-08-20 22:04:28', 'CONFIRMED', 12411.00),
(157, 18, 50, '2025-08-23 21:26:30', 'CONFIRMED', 5553.84),
(158, 14, 11, '2025-08-24 10:59:11', 'CONFIRMED', 34014.39),
(159, 7, 45, '2025-08-25 16:33:52', 'CONFIRMED', 954.43),
(160, 19, 15, '2025-08-26 16:57:03', 'CONFIRMED', 88382.93),
(161, 3, 7, '2025-08-29 18:40:41', 'CONFIRMED', 21291.83),
(162, 18, 22, '2025-08-30 22:59:07', 'CANCELLED', 1035.36),
(163, 19, 25, '2025-08-31 21:31:14', 'CONFIRMED', 7119.52),
(164, 19, 39, '2025-09-02 13:25:15', 'CONFIRMED', 60266.75),
(165, 1, 43, '2025-09-03 09:09:49', 'CONFIRMED', 6724.23),
(166, 1, 23, '2025-09-05 22:03:07', 'CONFIRMED', 3638.64),
(167, 17, 37, '2025-09-07 07:51:27', 'CONFIRMED', 3860.40),
(168, 9, 11, '2025-09-07 19:12:47', 'CONFIRMED', 15508.07),
(169, 19, 28, '2025-09-09 18:07:30', 'CONFIRMED', 4086.63),
(170, 12, 39, '2025-09-11 13:34:25', 'CONFIRMED', 3002.43),
(171, 18, 26, '2025-09-13 06:29:31', 'CONFIRMED', 18998.92),
(172, 12, 23, '2025-09-13 15:56:18', 'CONFIRMED', 6325.40),
(173, 1, 19, '2025-09-14 23:08:57', 'DRAFT', 5531.25),
(174, 4, 19, '2025-09-15 23:00:33', 'CONFIRMED', 7900.70),
(175, 16, 49, '2025-09-18 11:18:52', 'CONFIRMED', 42805.23),
(176, 11, 16, '2025-09-19 07:22:33', 'CONFIRMED', 9771.22),
(177, 2, 18, '2025-09-21 03:36:15', 'CANCELLED', 18056.87),
(178, 10, 35, '2025-09-21 22:33:25', 'CANCELLED', 48193.57),
(179, 10, 4, '2025-09-24 12:27:31', 'CANCELLED', 13502.85),
(180, 13, 31, '2025-09-26 12:09:05', 'CANCELLED', 2296.68),
(181, 1, 32, '2025-09-26 04:54:35', 'CONFIRMED', 43241.73),
(182, 14, 16, '2025-09-28 03:02:32', 'CONFIRMED', 19228.25),
(183, 17, 36, '2025-09-29 17:40:26', 'CONFIRMED', 8990.64),
(184, 20, 4, '2025-10-01 00:34:14', 'CONFIRMED', 5395.91),
(185, 14, 31, '2025-10-02 07:24:01', 'CONFIRMED', 11356.93),
(186, 12, 23, '2025-10-04 06:39:10', 'CONFIRMED', 18000.09),
(187, 9, 17, '2025-10-06 01:29:31', 'CONFIRMED', 15885.04),
(188, 15, 36, '2025-10-07 14:51:47', 'CONFIRMED', 9357.92),
(189, 16, 27, '2025-10-09 09:31:15', 'CONFIRMED', 17086.52),
(190, 15, 28, '2025-10-11 00:59:07', 'CONFIRMED', 3528.03),
(191, 9, 32, '2025-10-12 06:41:41', 'CANCELLED', 40273.11),
(192, 5, 10, '2025-10-12 05:02:08', 'CONFIRMED', 5649.87),
(193, 7, 34, '2025-10-14 10:12:03', 'DRAFT', 2006.00),
(194, 17, 46, '2025-10-16 20:01:51', 'CONFIRMED', 14230.60),
(195, 11, 22, '2025-10-17 20:47:35', 'CONFIRMED', 3380.90),
(196, 4, 5, '2025-10-19 00:20:32', 'CONFIRMED', 7463.26),
(197, 6, 38, '2025-10-21 02:47:24', 'CONFIRMED', 3380.90),
(198, 7, 26, '2025-10-22 19:04:22', 'CONFIRMED', 11123.16),
(199, 13, 41, '2025-10-22 14:52:47', 'DRAFT', 1912.24),
(200, 4, 11, '2025-10-25 17:46:54', 'DRAFT', 7674.88),
(201, 4, 12, '2025-10-26 04:39:59', 'CONFIRMED', 8150.25),
(202, 18, 31, '2025-10-28 08:38:27', 'CONFIRMED', 12842.53),
(203, 1, 4, '2025-10-29 07:54:43', 'CONFIRMED', 6612.12),
(204, 13, 39, '2025-10-31 15:15:08', 'CONFIRMED', 2204.04),
(205, 1, 27, '2025-11-01 14:32:12', 'CONFIRMED', 12468.08),
(206, 1, 2, '2025-11-02 01:37:59', 'CONFIRMED', 40334.94),
(207, 19, 28, '2025-11-03 18:15:15', 'CONFIRMED', 23399.29),
(208, 18, 26, '2025-11-05 17:57:11', 'CONFIRMED', 11527.53),
(209, 16, 8, '2025-11-06 05:12:04', 'CANCELLED', 7162.35),
(210, 13, 19, '2025-11-07 11:57:21', 'CONFIRMED', 11476.96),
(211, 4, 28, '2025-11-09 11:32:35', 'CONFIRMED', 3381.88),
(212, 16, 28, '2025-11-11 08:33:47', 'CONFIRMED', 24657.27),
(213, 10, 47, '2025-11-12 15:00:22', 'CONFIRMED', 3009.00),
(214, 12, 23, '2025-11-14 17:57:21', 'CANCELLED', 2425.76),
(215, 17, 11, '2025-11-16 00:03:42', 'CONFIRMED', 2863.29),
(216, 11, 39, '2025-11-17 14:04:52', 'CONFIRMED', 28138.48),
(217, 6, 46, '2025-11-19 04:55:18', 'CONFIRMED', 40910.07),
(218, 12, 4, '2025-11-19 11:40:38', 'CONFIRMED', 4408.08),
(219, 10, 36, '2025-11-20 23:17:16', 'DRAFT', 41604.75),
(220, 13, 1, '2025-11-23 11:49:51', 'CONFIRMED', 6648.98),
(221, 14, 44, '2025-11-24 23:23:41', 'CONFIRMED', 15358.72),
(222, 2, 4, '2025-11-26 22:27:47', 'CONFIRMED', 6240.48),
(223, 2, 43, '2025-11-26 14:36:38', 'CONFIRMED', 8434.29),
(224, 18, 35, '2025-11-28 17:50:03', 'CONFIRMED', 35766.45),
(225, 6, 36, '2025-11-30 13:06:30', 'DRAFT', 4670.22),
(226, 7, 27, '2025-12-01 09:14:19', 'CANCELLED', 3009.00),
(227, 15, 11, '2025-12-03 22:06:22', 'CONFIRMED', 4443.06),
(228, 9, 44, '2025-12-04 20:39:14', 'DRAFT', 31033.16),
(229, 11, 39, '2025-12-05 16:35:07', 'CONFIRMED', 28546.62),
(230, 12, 34, '2025-12-08 15:11:33', 'CONFIRMED', 9204.18),
(231, 20, 16, '2025-12-10 01:09:02', 'CONFIRMED', 4920.68),
(232, 1, 4, '2025-12-10 17:26:52', 'DRAFT', 9813.35),
(233, 6, 13, '2025-12-11 01:34:11', 'DRAFT', 5397.82),
(234, 7, 21, '2025-12-13 05:46:24', 'CONFIRMED', 7918.44),
(235, 16, 32, '2025-12-14 18:44:59', 'CONFIRMED', 13024.10),
(236, 4, 11, '2025-12-16 13:25:47', 'CONFIRMED', 34430.88),
(237, 13, 15, '2025-12-17 23:51:23', 'CONFIRMED', 2391.29),
(238, 14, 2, '2025-12-19 19:06:25', 'CONFIRMED', 6839.97),
(239, 16, 48, '2025-12-21 03:57:14', 'CONFIRMED', 16435.12),
(240, 12, 7, '2025-12-22 19:36:40', 'CANCELLED', 41622.99),
(241, 13, 45, '2025-12-22 23:37:46', 'CANCELLED', 18976.20),
(242, 9, 7, '2025-12-25 13:54:47', 'CONFIRMED', 1362.21),
(243, 7, 36, '2025-12-27 07:36:50', 'CONFIRMED', 6185.79),
(244, 10, 27, '2025-12-27 04:09:47', 'CONFIRMED', 3264.24),
(245, 8, 31, '2025-12-29 07:38:20', 'DRAFT', 19057.63),
(246, 1, 42, '2025-12-31 21:30:39', 'CONFIRMED', 5962.65),
(247, 15, 17, '2026-01-02 04:22:11', 'CONFIRMED', 38827.89),
(248, 10, 29, '2026-01-02 22:10:33', 'CONFIRMED', 8437.95),
(249, 1, 8, '2026-01-04 14:40:34', 'CONFIRMED', 7187.82),
(250, 18, 29, '2026-01-05 22:53:13', 'CONFIRMED', 21271.35),
(251, 1, 44, '2026-01-08 09:06:29', 'CONFIRMED', 3842.51),
(252, 1, 13, '2026-01-08 09:16:52', 'CONFIRMED', 1000.81),
(253, 1, 6, '2026-01-08 12:06:26', 'CONFIRMED', 13502.85);

-- --------------------------------------------------------

--
-- Structure de la table `order_line`
--

DROP TABLE IF EXISTS `order_line`;
CREATE TABLE IF NOT EXISTS `order_line` (
  `id` int(11) NOT NULL AUTO_INCREMENT,
  `order_id` int(11) NOT NULL,
  `training_id` int(11) NOT NULL,
  `quantity` int(11) NOT NULL DEFAULT 1,
  `unit_price` decimal(10,2) NOT NULL,
  PRIMARY KEY (`id`),
  KEY `fk_order_line_training` (`training_id`),
  KEY `idx_order_line_order` (`order_id`)
) ENGINE=InnoDB AUTO_INCREMENT=484 DEFAULT CHARSET=utf8mb4 COLLATE=utf8mb4_uca1400_ai_ci;

--
-- Déchargement des données de la table `order_line`
--

INSERT INTO `order_line` (`id`, `order_id`, `training_id`, `quantity`, `unit_price`) VALUES
(1, 1, 21, 2, 956.12),
(2, 2, 31, 2, 11338.13),
(3, 3, 1, 1, 1286.80),
(4, 3, 3, 1, 3213.95),
(5, 4, 42, 3, 2391.29),
(6, 4, 25, 2, 760.66),
(7, 4, 48, 3, 5792.80),
(8, 5, 2, 1, 5557.22),
(9, 5, 26, 2, 4289.45),
(10, 6, 5, 2, 1467.59),
(11, 7, 46, 1, 3120.24),
(12, 8, 31, 3, 11338.13),
(13, 8, 12, 3, 2639.48),
(14, 9, 43, 2, 954.43),
(15, 9, 37, 3, 6721.75),
(16, 10, 37, 2, 6721.75),
(17, 11, 35, 2, 1222.67),
(18, 11, 50, 1, 3842.51),
(19, 12, 19, 3, 1465.67),
(20, 12, 10, 2, 2241.41),
(21, 12, 50, 2, 3842.51),
(22, 13, 31, 2, 11338.13),
(23, 13, 22, 1, 5015.55),
(24, 13, 36, 2, 5117.55),
(25, 14, 39, 1, 13414.39),
(26, 14, 35, 1, 1222.67),
(27, 14, 17, 2, 2776.92),
(28, 15, 9, 1, 3324.49),
(29, 15, 41, 3, 7162.35),
(30, 15, 45, 3, 765.56),
(31, 16, 9, 3, 3324.49),
(32, 17, 3, 2, 3213.95),
(33, 18, 50, 2, 3842.51),
(34, 18, 5, 1, 1467.59),
(35, 18, 9, 1, 3324.49),
(36, 19, 7, 2, 1035.36),
(37, 20, 18, 3, 11476.96),
(38, 20, 21, 1, 956.12),
(39, 21, 32, 3, 2204.04),
(40, 21, 22, 1, 5015.55),
(41, 22, 5, 2, 1467.59),
(42, 22, 19, 1, 1465.67),
(43, 23, 28, 2, 1389.68),
(44, 23, 13, 1, 1000.81),
(45, 24, 33, 2, 4895.52),
(46, 25, 25, 3, 760.66),
(47, 25, 9, 1, 3324.49),
(48, 26, 18, 1, 11476.96),
(49, 26, 17, 2, 2776.92),
(50, 27, 48, 3, 5792.80),
(51, 28, 1, 1, 1286.80),
(52, 28, 7, 1, 1035.36),
(53, 29, 48, 1, 5792.80),
(54, 30, 2, 3, 5557.22),
(55, 30, 39, 2, 13414.39),
(56, 30, 15, 1, 1212.88),
(57, 31, 32, 1, 2204.04),
(58, 32, 40, 1, 1228.46),
(59, 32, 27, 3, 2157.09),
(60, 32, 29, 3, 2811.43),
(61, 33, 34, 3, 2057.39),
(62, 34, 7, 2, 1035.36),
(63, 35, 11, 2, 1362.21),
(64, 35, 34, 1, 2057.39),
(65, 35, 14, 3, 1003.00),
(66, 36, 36, 1, 5117.55),
(67, 36, 28, 3, 1389.68),
(68, 37, 34, 3, 2057.39),
(69, 37, 8, 1, 1114.44),
(70, 38, 7, 1, 1035.36),
(71, 39, 46, 1, 3120.24),
(72, 40, 37, 1, 6721.75),
(73, 40, 7, 1, 1035.36),
(74, 41, 2, 2, 5557.22),
(75, 41, 23, 2, 12678.44),
(76, 42, 36, 2, 5117.55),
(77, 42, 34, 1, 2057.39),
(78, 42, 28, 1, 1389.68),
(79, 43, 46, 2, 3120.24),
(80, 44, 20, 3, 882.48),
(81, 44, 16, 3, 5190.32),
(82, 45, 24, 2, 3440.06),
(83, 45, 41, 1, 7162.35),
(84, 45, 48, 3, 5792.80),
(85, 46, 17, 3, 2776.92),
(86, 46, 9, 1, 3324.49),
(87, 47, 31, 1, 11338.13),
(88, 48, 8, 3, 1114.44),
(89, 48, 14, 1, 1003.00),
(90, 48, 39, 3, 13414.39),
(91, 49, 32, 1, 2204.04),
(92, 49, 49, 3, 6036.37),
(93, 50, 39, 1, 13414.39),
(94, 50, 38, 3, 6325.40),
(95, 50, 15, 3, 1212.88),
(96, 51, 27, 3, 2157.09),
(97, 51, 1, 2, 1286.80),
(98, 52, 18, 3, 11476.96),
(99, 53, 26, 3, 4289.45),
(100, 53, 43, 2, 954.43),
(101, 53, 20, 3, 882.48),
(102, 54, 10, 2, 2241.41),
(103, 54, 46, 3, 3120.24),
(104, 55, 20, 2, 882.48),
(105, 56, 21, 3, 956.12),
(106, 56, 42, 2, 2391.29),
(107, 56, 9, 1, 3324.49),
(108, 57, 41, 3, 7162.35),
(109, 58, 2, 2, 5557.22),
(110, 58, 50, 2, 3842.51),
(111, 58, 20, 1, 882.48),
(112, 59, 25, 2, 760.66),
(113, 59, 25, 2, 760.66),
(114, 59, 10, 1, 2241.41),
(115, 60, 22, 1, 5015.55),
(116, 60, 33, 2, 4895.52),
(117, 60, 7, 1, 1035.36),
(118, 61, 40, 1, 1228.46),
(119, 62, 47, 2, 2716.75),
(120, 63, 3, 1, 3213.95),
(121, 63, 39, 1, 13414.39),
(122, 63, 43, 1, 954.43),
(123, 64, 50, 1, 3842.51),
(124, 64, 25, 1, 760.66),
(125, 64, 25, 2, 760.66),
(126, 65, 40, 3, 1228.46),
(127, 65, 25, 2, 760.66),
(128, 65, 30, 1, 2667.64),
(129, 66, 2, 1, 5557.22),
(130, 66, 19, 2, 1465.67),
(131, 67, 14, 1, 1003.00),
(132, 68, 18, 3, 11476.96),
(133, 69, 43, 2, 954.43),
(134, 70, 49, 3, 6036.37),
(135, 70, 41, 2, 7162.35),
(136, 70, 49, 2, 6036.37),
(137, 71, 18, 1, 11476.96),
(138, 72, 5, 3, 1467.59),
(139, 72, 13, 1, 1000.81),
(140, 72, 46, 3, 3120.24),
(141, 73, 23, 3, 12678.44),
(142, 73, 26, 2, 4289.45),
(143, 73, 37, 3, 6721.75),
(144, 74, 27, 2, 2157.09),
(145, 75, 32, 3, 2204.04),
(146, 75, 17, 2, 2776.92),
(147, 75, 38, 3, 6325.40),
(148, 76, 8, 1, 1114.44),
(149, 76, 4, 3, 1690.45),
(150, 77, 30, 1, 2667.64),
(151, 77, 2, 2, 5557.22),
(152, 78, 11, 2, 1362.21),
(153, 78, 26, 2, 4289.45),
(154, 79, 46, 1, 3120.24),
(155, 79, 22, 1, 5015.55),
(156, 79, 20, 1, 882.48),
(157, 80, 21, 1, 956.12),
(158, 80, 40, 2, 1228.46),
(159, 80, 36, 2, 5117.55),
(160, 81, 10, 1, 2241.41),
(161, 82, 7, 3, 1035.36),
(162, 82, 39, 1, 13414.39),
(163, 82, 5, 2, 1467.59),
(164, 83, 16, 3, 5190.32),
(165, 84, 50, 2, 3842.51),
(166, 84, 40, 1, 1228.46),
(167, 85, 27, 1, 2157.09),
(168, 86, 9, 2, 3324.49),
(169, 87, 30, 3, 2667.64),
(170, 87, 23, 1, 12678.44),
(171, 88, 48, 1, 5792.80),
(172, 88, 22, 3, 5015.55),
(173, 88, 4, 3, 1690.45),
(174, 89, 32, 3, 2204.04),
(175, 90, 39, 1, 13414.39),
(176, 90, 7, 3, 1035.36),
(177, 91, 10, 1, 2241.41),
(178, 92, 44, 1, 13502.85),
(179, 93, 2, 2, 5557.22),
(180, 94, 7, 1, 1035.36),
(181, 95, 3, 1, 3213.95),
(182, 95, 9, 2, 3324.49),
(183, 95, 9, 2, 3324.49),
(184, 96, 23, 1, 12678.44),
(185, 97, 4, 1, 1690.45),
(186, 97, 8, 3, 1114.44),
(187, 97, 13, 1, 1000.81),
(188, 98, 24, 1, 3440.06),
(189, 98, 10, 2, 2241.41),
(190, 99, 13, 1, 1000.81),
(191, 100, 27, 3, 2157.09),
(192, 100, 35, 2, 1222.67),
(193, 100, 11, 2, 1362.21),
(194, 101, 31, 1, 11338.13),
(195, 102, 40, 1, 1228.46),
(196, 103, 48, 3, 5792.80),
(197, 103, 17, 3, 2776.92),
(198, 104, 50, 2, 3842.51),
(199, 104, 13, 2, 1000.81),
(200, 105, 33, 2, 4895.52),
(201, 106, 28, 2, 1389.68),
(202, 106, 3, 1, 3213.95),
(203, 106, 25, 1, 760.66),
(204, 107, 25, 1, 760.66),
(205, 108, 41, 2, 7162.35),
(206, 108, 18, 2, 11476.96),
(207, 108, 38, 3, 6325.40),
(208, 109, 42, 3, 2391.29),
(209, 109, 23, 3, 12678.44),
(210, 109, 43, 3, 954.43),
(211, 110, 7, 3, 1035.36),
(212, 110, 11, 2, 1362.21),
(213, 111, 44, 2, 13502.85),
(214, 111, 38, 3, 6325.40),
(215, 112, 16, 3, 5190.32),
(216, 112, 15, 1, 1212.88),
(217, 112, 13, 1, 1000.81),
(218, 113, 13, 1, 1000.81),
(219, 113, 19, 3, 1465.67),
(220, 113, 4, 3, 1690.45),
(221, 114, 34, 2, 2057.39),
(222, 114, 5, 3, 1467.59),
(223, 114, 17, 2, 2776.92),
(224, 115, 33, 1, 4895.52),
(225, 115, 17, 3, 2776.92),
(226, 115, 45, 3, 765.56),
(227, 116, 9, 2, 3324.49),
(228, 116, 4, 2, 1690.45),
(229, 116, 19, 1, 1465.67),
(230, 117, 19, 3, 1465.67),
(231, 117, 27, 3, 2157.09),
(232, 118, 16, 2, 5190.32),
(233, 118, 24, 1, 3440.06),
(234, 119, 8, 2, 1114.44),
(235, 119, 8, 1, 1114.44),
(236, 120, 28, 3, 1389.68),
(237, 120, 42, 3, 2391.29),
(238, 121, 26, 2, 4289.45),
(239, 121, 5, 3, 1467.59),
(240, 122, 6, 2, 13636.69),
(241, 122, 17, 3, 2776.92),
(242, 122, 39, 1, 13414.39),
(243, 123, 10, 2, 2241.41),
(244, 124, 36, 3, 5117.55),
(245, 125, 34, 2, 2057.39),
(246, 125, 39, 2, 13414.39),
(247, 126, 20, 3, 882.48),
(248, 126, 46, 2, 3120.24),
(249, 126, 2, 1, 5557.22),
(250, 127, 38, 3, 6325.40),
(251, 127, 35, 2, 1222.67),
(252, 128, 1, 3, 1286.80),
(253, 129, 16, 3, 5190.32),
(254, 130, 6, 1, 13636.69),
(255, 131, 27, 2, 2157.09),
(256, 132, 17, 2, 2776.92),
(257, 133, 14, 3, 1003.00),
(258, 133, 11, 1, 1362.21),
(259, 134, 47, 3, 2716.75),
(260, 134, 23, 3, 12678.44),
(261, 134, 46, 2, 3120.24),
(262, 135, 6, 2, 13636.69),
(263, 135, 23, 2, 12678.44),
(264, 135, 38, 3, 6325.40),
(265, 136, 20, 2, 882.48),
(266, 137, 33, 3, 4895.52),
(267, 137, 40, 1, 1228.46),
(268, 137, 9, 2, 3324.49),
(269, 138, 44, 1, 13502.85),
(270, 138, 42, 1, 2391.29),
(271, 138, 31, 1, 11338.13),
(272, 139, 39, 3, 13414.39),
(273, 140, 44, 2, 13502.85),
(274, 141, 14, 1, 1003.00),
(275, 141, 50, 1, 3842.51),
(276, 142, 39, 3, 13414.39),
(277, 143, 20, 2, 882.48),
(278, 144, 28, 2, 1389.68),
(279, 145, 27, 2, 2157.09),
(280, 146, 31, 1, 11338.13),
(281, 146, 24, 2, 3440.06),
(282, 146, 33, 3, 4895.52),
(283, 147, 26, 3, 4289.45),
(284, 148, 8, 1, 1114.44),
(285, 149, 41, 3, 7162.35),
(286, 150, 2, 3, 5557.22),
(287, 150, 6, 3, 13636.69),
(288, 150, 48, 1, 5792.80),
(289, 151, 3, 1, 3213.95),
(290, 151, 36, 1, 5117.55),
(291, 151, 41, 1, 7162.35),
(292, 152, 1, 2, 1286.80),
(293, 152, 44, 3, 13502.85),
(294, 152, 32, 1, 2204.04),
(295, 153, 34, 3, 2057.39),
(296, 153, 34, 1, 2057.39),
(297, 154, 43, 3, 954.43),
(298, 155, 20, 1, 882.48),
(299, 156, 30, 3, 2667.64),
(300, 156, 32, 2, 2204.04),
(301, 157, 17, 2, 2776.92),
(302, 158, 31, 3, 11338.13),
(303, 159, 43, 1, 954.43),
(304, 160, 18, 3, 11476.96),
(305, 160, 37, 2, 6721.75),
(306, 160, 44, 3, 13502.85),
(307, 161, 8, 2, 1114.44),
(308, 161, 42, 1, 2391.29),
(309, 161, 2, 3, 5557.22),
(310, 162, 7, 1, 1035.36),
(311, 163, 5, 3, 1467.59),
(312, 163, 47, 1, 2716.75),
(313, 164, 41, 2, 7162.35),
(314, 164, 44, 3, 13502.85),
(315, 164, 47, 2, 2716.75),
(316, 165, 10, 3, 2241.41),
(317, 166, 15, 3, 1212.88),
(318, 167, 1, 3, 1286.80),
(319, 168, 17, 2, 2776.92),
(320, 168, 19, 3, 1465.67),
(321, 168, 2, 1, 5557.22),
(322, 169, 11, 3, 1362.21),
(323, 170, 13, 3, 1000.81),
(324, 171, 35, 2, 1222.67),
(325, 171, 8, 2, 1114.44),
(326, 171, 41, 2, 7162.35),
(327, 172, 38, 1, 6325.40),
(328, 173, 11, 1, 1362.21),
(329, 173, 28, 3, 1389.68),
(330, 174, 10, 1, 2241.41),
(331, 174, 3, 1, 3213.95),
(332, 174, 35, 2, 1222.67),
(333, 175, 45, 3, 765.56),
(334, 175, 44, 3, 13502.85),
(335, 176, 8, 3, 1114.44),
(336, 176, 3, 2, 3213.95),
(337, 177, 27, 3, 2157.09),
(338, 177, 48, 2, 5792.80),
(339, 178, 50, 2, 3842.51),
(340, 178, 44, 3, 13502.85),
(341, 179, 44, 1, 13502.85),
(342, 180, 45, 3, 765.56),
(343, 181, 5, 3, 1467.59),
(344, 181, 18, 3, 11476.96),
(345, 181, 32, 2, 2204.04),
(346, 182, 29, 1, 2811.43),
(347, 182, 13, 3, 1000.81),
(348, 182, 39, 1, 13414.39),
(349, 183, 42, 1, 2391.29),
(350, 183, 19, 2, 1465.67),
(351, 183, 35, 3, 1222.67),
(352, 184, 13, 2, 1000.81),
(353, 184, 14, 1, 1003.00),
(354, 184, 42, 1, 2391.29),
(355, 185, 10, 1, 2241.41),
(356, 185, 42, 1, 2391.29),
(357, 185, 10, 3, 2241.41),
(358, 186, 36, 3, 5117.55),
(359, 186, 20, 3, 882.48),
(360, 187, 32, 2, 2204.04),
(361, 187, 18, 1, 11476.96),
(362, 188, 11, 1, 1362.21),
(363, 188, 12, 2, 2639.48),
(364, 188, 47, 1, 2716.75),
(365, 189, 32, 2, 2204.04),
(366, 189, 23, 1, 12678.44),
(367, 190, 1, 2, 1286.80),
(368, 190, 43, 1, 954.43),
(369, 191, 18, 1, 11476.96),
(370, 191, 37, 2, 6721.75),
(371, 191, 36, 3, 5117.55),
(372, 192, 13, 3, 1000.81),
(373, 192, 20, 3, 882.48),
(374, 193, 14, 2, 1003.00),
(375, 194, 37, 1, 6721.75),
(376, 194, 5, 3, 1467.59),
(377, 194, 7, 3, 1035.36),
(378, 195, 4, 2, 1690.45),
(379, 196, 3, 2, 3213.95),
(380, 196, 7, 1, 1035.36),
(381, 197, 4, 2, 1690.45),
(382, 198, 46, 1, 3120.24),
(383, 198, 30, 3, 2667.64),
(384, 199, 21, 2, 956.12),
(385, 200, 28, 2, 1389.68),
(386, 200, 33, 1, 4895.52),
(387, 201, 47, 3, 2716.75),
(388, 202, 22, 2, 5015.55),
(389, 202, 29, 1, 2811.43),
(390, 203, 32, 3, 2204.04),
(391, 204, 32, 1, 2204.04),
(392, 205, 48, 2, 5792.80),
(393, 205, 20, 1, 882.48),
(394, 206, 39, 1, 13414.39),
(395, 206, 41, 3, 7162.35),
(396, 206, 47, 2, 2716.75),
(397, 207, 41, 3, 7162.35),
(398, 207, 21, 2, 956.12),
(399, 208, 50, 3, 3842.51),
(400, 209, 41, 1, 7162.35),
(401, 210, 18, 1, 11476.96),
(402, 211, 15, 2, 1212.88),
(403, 211, 21, 1, 956.12),
(404, 212, 15, 1, 1212.88),
(405, 212, 30, 2, 2667.64),
(406, 212, 49, 3, 6036.37),
(407, 213, 14, 3, 1003.00),
(408, 214, 15, 2, 1212.88),
(409, 215, 43, 3, 954.43),
(410, 216, 17, 3, 2776.92),
(411, 216, 17, 3, 2776.92),
(412, 216, 18, 1, 11476.96),
(413, 217, 6, 3, 13636.69),
(414, 218, 32, 2, 2204.04),
(415, 219, 18, 3, 11476.96),
(416, 219, 42, 3, 2391.29),
(417, 220, 9, 2, 3324.49),
(418, 221, 50, 3, 3842.51),
(419, 221, 8, 1, 1114.44),
(420, 221, 47, 1, 2716.75),
(421, 222, 46, 2, 3120.24),
(422, 223, 29, 3, 2811.43),
(423, 224, 46, 2, 3120.24),
(424, 224, 37, 3, 6721.75),
(425, 224, 46, 3, 3120.24),
(426, 225, 8, 2, 1114.44),
(427, 225, 15, 1, 1212.88),
(428, 225, 40, 1, 1228.46),
(429, 226, 14, 3, 1003.00),
(430, 227, 14, 1, 1003.00),
(431, 227, 24, 1, 3440.06),
(432, 228, 6, 2, 13636.69),
(433, 228, 11, 2, 1362.21),
(434, 228, 7, 1, 1035.36),
(435, 229, 5, 2, 1467.59),
(436, 229, 31, 2, 11338.13),
(437, 229, 5, 2, 1467.59),
(438, 230, 36, 1, 5117.55),
(439, 230, 11, 3, 1362.21),
(440, 231, 43, 3, 954.43),
(441, 231, 34, 1, 2057.39),
(442, 232, 42, 3, 2391.29),
(443, 232, 12, 1, 2639.48),
(444, 233, 13, 1, 1000.81),
(445, 233, 19, 3, 1465.67),
(446, 234, 12, 3, 2639.48),
(447, 235, 37, 1, 6721.75),
(448, 235, 1, 1, 1286.80),
(449, 235, 22, 1, 5015.55),
(450, 236, 18, 3, 11476.96),
(451, 237, 42, 1, 2391.29),
(452, 238, 34, 1, 2057.39),
(453, 238, 42, 2, 2391.29),
(454, 239, 10, 1, 2241.41),
(455, 239, 47, 1, 2716.75),
(456, 239, 18, 1, 11476.96),
(457, 240, 44, 3, 13502.85),
(458, 240, 8, 1, 1114.44),
(459, 241, 38, 3, 6325.40),
(460, 242, 11, 1, 1362.21),
(461, 243, 4, 3, 1690.45),
(462, 243, 8, 1, 1114.44),
(463, 244, 7, 1, 1035.36),
(464, 244, 8, 2, 1114.44),
(465, 245, 9, 3, 3324.49),
(466, 245, 32, 1, 2204.04),
(467, 245, 24, 2, 3440.06),
(468, 246, 8, 1, 1114.44),
(469, 246, 40, 2, 1228.46),
(470, 246, 42, 1, 2391.29),
(471, 247, 19, 3, 1465.67),
(472, 247, 18, 3, 11476.96),
(473, 248, 43, 3, 954.43),
(474, 248, 12, 1, 2639.48),
(475, 248, 5, 2, 1467.59),
(476, 249, 12, 2, 2639.48),
(477, 249, 43, 2, 954.43),
(478, 250, 29, 3, 2811.43),
(479, 250, 5, 3, 1467.59),
(480, 250, 29, 3, 2811.43),
(481, 251, 50, 1, 3842.51),
(482, 252, 13, 1, 1000.81),
(483, 253, 44, 1, 13502.85);

-- --------------------------------------------------------

--
-- Structure de la table `training`
--

DROP TABLE IF EXISTS `training`;
CREATE TABLE IF NOT EXISTS `training` (
  `id` int(11) NOT NULL AUTO_INCREMENT,
  `name` varchar(150) NOT NULL,
  `description` text NOT NULL,
  `onsite` tinyint(1) NOT NULL,
  `duration_days` int(11) NOT NULL,
  `price` decimal(10,2) NOT NULL,
  PRIMARY KEY (`id`),
  KEY `idx_training_onsite` (`onsite`),
  KEY `idx_training_name` (`name`)
) ENGINE=InnoDB AUTO_INCREMENT=51 DEFAULT CHARSET=utf8mb4 COLLATE=utf8mb4_uca1400_ai_ci;

--
-- Déchargement des données de la table `training`
--

INSERT INTO `training` (`id`, `name`, `description`, `onsite`, `duration_days`, `price`) VALUES
(1, 'Atelier Pro : Limsa Lominsa', 'Limsa Lominsa t’ouvre ses quais : négo, logistique maritime et deals de contrebande (légale, évidemment). Tu sors prêt·e à survivre au marché et à parler aux capitaines sans trembler.', 1, 2, 1286.80),
(2, 'Initiation : Grand Line', 'Cap sur la Grand Line : lecture des courants, navigation, tactiques de survie et gestion d’équipage. Objectif : ne pas finir sur un Wanted Poster dès la première semaine.', 1, 10, 5557.22),
(3, 'Entraînement Jutsu – Niveau Expert', 'Dojo intensif : enchaînements, sceaux, contrôle du chakra et techniques de haut niveau. Tu repars prêt·e pour des missions qui piquent.', 1, 3, 3213.95),
(4, 'Atelier Expert : Mount', 'Atelier “Mount” version terrain : techniques avancées, scénarios concrets et maîtrise totale. Ici, tu ne “montes” pas… tu domines.', 1, 2, 1690.45),
(5, 'Bootcamp : Chasse aux Primes', 'Bootcamp de chasse aux primes : repérage, filature, capture et négociation de récompense. Parfait pour monter ta réputation sur la mer.', 1, 1, 1467.59),
(6, 'Guide Complet : Hawkins', 'Briefing Hawkins : anomalies, failles, matériel de détection et protocoles anti-démogorgon. Diplôme officieux : “je survis à l’Upside Down”.', 1, 10, 13636.69),
(7, 'Bootcamp : Mage Blanc Pro', 'Tu apprends à soigner sous pression : triage, réflexes en donjon, boucliers et gestion des urgences. Bonus : garder le groupe vivant malgré leurs décisions.', 0, 1, 1035.36),
(8, 'Maîtriser la Grand Line', 'Une journée “hardcore” Grand Line : survie, navigation, combat et choix impossibles. Le but : finir la session avec ton bateau intact.', 1, 1, 1114.44),
(9, 'Bootcamp Intensif : The Party', 'The Party en mode mission : cohésion, improvisation, signaux, plans B et sang-froid. Ici, on protège les copains avant tout.', 1, 5, 3324.49),
(10, 'Fondamentaux : The Party', 'Les bases pour organiser et coordonner “The Party” : rythme, dynamique de groupe, rôles et communication. Parce qu’un groupe sans plan, c’est un wipe.', 1, 3, 2241.41),
(11, 'Stratégie : The Party', 'Tactiques de survie : identification des menaces, commandement, coordination et décisions rapides. Parfait pour gérer une crise “Upside Down”.', 1, 1, 1362.21),
(12, 'Bootcamp : Alliance Stratégique', 'Alliance : stratégie de raid, politique de faction et commandement en opérations combinées. Deviens le cerveau qui fait gagner la guerre.', 1, 2, 2639.48),
(13, 'Atelier Rasengan – Niveau Expert', 'Rasengan : contrôle, rotation, densité et impact. On vise la précision… et la grosse claque finale.', 1, 1, 1000.81),
(14, 'Atelier Pro : Hokage', 'Leadership façon Hokage : gouvernance, stratégie, diplomatie et choix lourds. Tu apprends à porter le village (et les dramas) sur tes épaules.', 1, 2, 1003.00),
(15, 'Atelier Stratégique : Yonkô', 'Atelier Yonkô : territoires, flotte, influence et guerre psychologique. Ici, tu construis un empire, pas une barque.', 0, 1, 1212.88),
(16, 'Cours Pratique : Cristaux', 'Cristaux et éther : accord, résonance et canalisation. Tu passes de “joli caillou” à “outil sérieux”.', 0, 5, 5190.32),
(17, 'Entraînement : Mage Noir – Niveau Expert', 'Magie noire avancée : rotations, gestion du mana et destruction maîtrisée. L’art de raser proprement, sans paniquer.', 1, 3, 2776.92),
(18, 'Entraînement Avancé : Mythique', 'Mythique : routes de donjon, mécaniques, tempo et discipline. Tu sors prêt·e pour les clés qui font pleurer.', 0, 10, 11476.96),
(19, 'Atelier Hokage – Niveau Expert', 'Hokage expert : commandement d’élite, tactiques haut niveau et diplomatie sous pression. Mode “Kage-level” activé.', 1, 1, 1465.67),
(20, 'Maîtriser le Mind Flayer', 'Programme d’infiltration mentale : réseau, contrôle, assimilation et coordination collective. Oui, c’est creepy. Oui, c’est efficace.', 1, 1, 882.48),
(21, 'Certification : Chasseur Expert', 'Chasseur expert : pistage, tir, contrôle et planification. Le badge qui dit : “je reviens toujours avec la cible”.', 1, 1, 956.12),
(22, 'Entraînement : Base Russe (Hawkins Lab)', 'Base russe : communications chiffrées, procédures, infiltration et contre-mesures. Hawkins Lab te regarde… de très près.', 0, 10, 5015.55),
(23, 'Entraînement : Chasse au Trésor', 'Chasse au trésor : lecture de cartes, pièges, rivalités et sécurisation de butin. Le but : rentrer riche, pas mort.', 0, 10, 12678.44),
(24, 'Atelier Avancé : Donjons', 'Donjons avancés : traps, placement, gestion des ressources et coordination. Tu deviens la personne qu’on suit quand ça chauffe.', 1, 3, 3440.06),
(25, 'Bootcamp Primes – Niveau Expert', 'Primes expert : missions live, négociation tendue et combats sales. Résultat attendu : prime qui grimpe, ego aussi.', 1, 1, 760.66),
(26, 'Stage Intensif : Méthode Luffy', 'Méthode Luffy : créativité brute, détermination, esprit d’équipage. Techniquement pas académique… mais ça marche.', 1, 3, 4289.45),
(27, 'Certification : Cristaux (Guide Complet)', 'Certification cristaux : fondamentaux solides + mise en pratique sur cas réels. Tu valides que tu sais manipuler sans tout faire exploser.', 0, 3, 2157.09),
(28, 'Entraînement : Akatsuki', 'Akatsuki : organisation, opérations discrètes, techniques interdites et stratégie froide. À utiliser… avec énormément de prudence.', 0, 2, 1389.68),
(29, 'Atelier : Clones d’Ombre – Stratégie', 'Clones d’ombre : coordination multi-front, économie de chakra et attaques synchronisées. Tu apprends à te battre en “parallel processing”.', 0, 2, 2811.43),
(30, 'Initiation : Cristaux', 'Initiation cristaux : choisir, charger, harmoniser et sécuriser. Tu repars avec des bases propres, sans ésotérisme flou.', 1, 2, 2667.64),
(31, 'Cours Pratique : Pouvoirs Psychiques', 'Psy : télékinésie/télépathie en labo, contrôle, limites et prévention des surcharges. Version “scientifique”, pas sorcellerie.', 1, 10, 11338.13),
(32, 'Maîtriser Konoha', 'Konoha : techniques de base, tactiques de mission et entraînement progressif. Tu deviens un ninja fiable, pas un touriste.', 1, 3, 2204.04),
(33, 'Certification : Chapeau de Paille – Expert', 'Chapeau de Paille expert : philosophie d’équipage, stratégies gagnantes et endurance. Certification “on ne lâche rien”.', 0, 5, 4895.52),
(34, 'Certification : Donjons (Pratique)', 'Certification donjons : protocoles, négociation “avec les monstres”, et sécurité du butin. Le sérieux d’un pro, dans un lieu pas sérieux.', 1, 3, 2057.39),
(35, 'Initiation : Endwalker', 'Endwalker : principes, entraînement guidé et scénarios inspirés des “Final Steps”. Tu entres dans l’aventure avec des bases nettes.', 1, 1, 1222.67),
(36, 'Bootcamp : The Party (Guide Complet)', 'Bootcamp Party complet : détection, artefacts, communication et évacuation. Diplôme : “je gère le chaos en équipe”.', 0, 5, 5117.55),
(37, 'Certification : Mage Noir (Initiation)', 'Initiation mage noir : rotations simples, placement et gestion du mana. Tu apprends à DPS sans te cramer toi-même.', 1, 5, 6721.75),
(38, 'Atelier : Gestion de Guilde (Guide Complet)', 'Guilde : recrutement, organisation, ressources, conflits et réputation. Tu deviens un vrai guildmaster, pas un “chef Discord”.', 0, 5, 6325.40),
(39, 'Atelier : Chasse aux Primes (Guide Complet)', 'Primes (complet) : lecture de Wanted, traque, combat et survie. Parfait pour passer de rookie à légende.', 1, 10, 13414.39),
(40, 'Certification : Konoha (Pratique)', 'Certification Konoha pratique : méthodes d’élite, rigueur et efficacité en mission. Tu ressors “opérationnel·le”.', 0, 1, 1228.46),
(41, 'Entraînement : PvP Stratégique', 'PvP : prise d’info, gestion des cooldowns, mind game et tempo. Objectif : gagner proprement (ou au moins gagner).', 0, 5, 7162.35),
(42, 'Atelier : Haki des Rois – Expert', 'Haki des Rois : pression, domination, contrôle et projection de volonté. Ici, tu “imposes ta présence” avant même de frapper.', 1, 3, 2391.29),
(43, 'Stage Intensif : Mage Blanc', 'Mage blanc intensif : soins, supports, boucliers et priorités. Tu apprends à sauver des gens… malgré eux.', 1, 1, 954.43),
(44, 'Bootcamp : Hellfire Club', 'Hellfire Club : D&D, stratégie, narration et domination de table. Diplôme : “ma campagne fait peur aux gens”.', 0, 10, 13502.85),
(45, 'Fondamentaux : Mount', 'Mount : apprivoisement, conduite et sécurité terrain. Tu passes de “je subis la monture” à “je pilote”.', 1, 1, 765.56),
(46, 'Certification : The Party (Avancé)', 'Party avancé : tactiques, coordination en crise et combat surnaturel. Tu deviens un pilier du groupe.', 1, 3, 3120.24),
(47, 'Cours Pratique : Rasengan', 'Rasengan pratique : apprendre, stabiliser, optimiser, frapper. Beaucoup d’exercices, peu d’excuses.', 1, 5, 2716.75),
(48, 'Bootcamp : Genjutsu (Guide Complet)', 'Genjutsu : perception, pièges mentaux, protection et contre-illusion. Tu apprends à voir clair quand tout ment.', 1, 10, 5792.80),
(49, 'Bootcamp : Ul’dah (Maîtrise)', 'Ul’dah : survie urbaine, commerce, politiques et codes sociaux. Ici, tu apprends à négocier sans te faire manger.', 1, 5, 6036.37),
(50, 'Stage Intensif : Shadowlands', 'Shadowlands : anima, covenants, survie et rituels. Tu apprends à évoluer dans l’ombre… sans y laisser ton âme.', 1, 3, 3842.51);

-- --------------------------------------------------------

--
-- Structure de la table `user_account`
--

DROP TABLE IF EXISTS `user_account`;
CREATE TABLE IF NOT EXISTS `user_account` (
  `id` int(11) NOT NULL AUTO_INCREMENT,
  `login` varchar(80) NOT NULL,
  `password_hash` varchar(255) NOT NULL,
  PRIMARY KEY (`id`),
  UNIQUE KEY `login` (`login`)
) ENGINE=InnoDB AUTO_INCREMENT=23 DEFAULT CHARSET=utf8mb4 COLLATE=utf8mb4_uca1400_ai_ci;

--
-- Déchargement des données de la table `user_account`
--

INSERT INTO `user_account` (`id`, `login`, `password_hash`) VALUES
(1, 'cloud_strife', '03ac674216f3e15c761ee1a5e255f067953623c8b388b4459e13f978d7c846f4'),
(2, 'sephiroth99', '03ac674216f3e15c761ee1a5e255f067953623c8b388b4459e13f978d7c846f4'),
(3, 'arthas_lich', '03ac674216f3e15c761ee1a5e255f067953623c8b388b4459e13f978d7c846f4'),
(4, 'thrall_warchief', '03ac674216f3e15c761ee1a5e255f067953623c8b388b4459e13f978d7c846f4'),
(5, 'eleven_012', '03ac674216f3e15c761ee1a5e255f067953623c8b388b4459e13f978d7c846f4'),
(6, 'hopper_chief', '03ac674216f3e15c761ee1a5e255f067953623c8b388b4459e13f978d7c846f4'),
(7, 'naruto_hokage', '03ac674216f3e15c761ee1a5e255f067953623c8b388b4459e13f978d7c846f4'),
(8, 'sasuke_uchiha', '03ac674216f3e15c761ee1a5e255f067953623c8b388b4459e13f978d7c846f4'),
(9, 'luffy_pirate', '03ac674216f3e15c761ee1a5e255f067953623c8b388b4459e13f978d7c846f4'),
(10, 'zoro_swordsman', '03ac674216f3e15c761ee1a5e255f067953623c8b388b4459e13f978d7c846f4'),
(11, 'nami_navigator', '03ac674216f3e15c761ee1a5e255f067953623c8b388b4459e13f978d7c846f4'),
(12, 'sanji_chef', '03ac674216f3e15c761ee1a5e255f067953623c8b388b4459e13f978d7c846f4'),
(13, 'yshtola_scholar', '03ac674216f3e15c761ee1a5e255f067953623c8b388b4459e13f978d7c846f4'),
(14, 'thancred_gunbreaker', '03ac674216f3e15c761ee1a5e255f067953623c8b388b4459e13f978d7c846f4'),
(15, 'alphinaud_sage', '03ac674216f3e15c761ee1a5e255f067953623c8b388b4459e13f978d7c846f4'),
(16, 'jaina_mage', '03ac674216f3e15c761ee1a5e255f067953623c8b388b4459e13f978d7c846f4'),
(17, 'sylvanas_dark', '03ac674216f3e15c761ee1a5e255f067953623c8b388b4459e13f978d7c846f4'),
(18, 'kakashi_sensei', '03ac674216f3e15c761ee1a5e255f067953623c8b388b4459e13f978d7c846f4'),
(19, 'sakura_medic', '03ac674216f3e15c761ee1a5e255f067953623c8b388b4459e13f978d7c846f4'),
(20, 'dustin_henderson', '03ac674216f3e15c761ee1a5e255f067953623c8b388b4459e13f978d7c846f4'),
(21, 'MoiMême', '6b56cb3bacea5eb11b954e72a9b0342dee3e208a5601fdb79c9256e622630982'),
(22, 'MoiAussi', '03ac674216f3e15c761ee1a5e255f067953623c8b388b4459e13f978d7c846f4');

--
-- Contraintes pour les tables déchargées
--

--
-- Contraintes pour la table `cart`
--
ALTER TABLE `cart`
  ADD CONSTRAINT `fk_cart_user` FOREIGN KEY (`user_id`) REFERENCES `user_account` (`id`) ON DELETE CASCADE;

--
-- Contraintes pour la table `cart_item`
--
ALTER TABLE `cart_item`
  ADD CONSTRAINT `fk_cart_item_cart` FOREIGN KEY (`cart_id`) REFERENCES `cart` (`id`) ON DELETE CASCADE,
  ADD CONSTRAINT `fk_cart_item_training` FOREIGN KEY (`training_id`) REFERENCES `training` (`id`);

--
-- Contraintes pour la table `order`
--
ALTER TABLE `order`
  ADD CONSTRAINT `fk_order_client` FOREIGN KEY (`client_id`) REFERENCES `client` (`id`),
  ADD CONSTRAINT `fk_order_user` FOREIGN KEY (`user_id`) REFERENCES `user_account` (`id`);

--
-- Contraintes pour la table `order_line`
--
ALTER TABLE `order_line`
  ADD CONSTRAINT `fk_order_line_order` FOREIGN KEY (`order_id`) REFERENCES `order` (`id`) ON DELETE CASCADE,
  ADD CONSTRAINT `fk_order_line_training` FOREIGN KEY (`training_id`) REFERENCES `training` (`id`);
COMMIT;

/*!40101 SET CHARACTER_SET_CLIENT=@OLD_CHARACTER_SET_CLIENT */;
/*!40101 SET CHARACTER_SET_RESULTS=@OLD_CHARACTER_SET_RESULTS */;
/*!40101 SET COLLATION_CONNECTION=@OLD_COLLATION_CONNECTION */;
